{"name":"88ef8422-2c2e-4137-9797-f44bb959ed0a","id":"/providers/Microsoft.Flow/flows/88ef8422-2c2e-4137-9797-f44bb959ed0a","type":"Microsoft.Flow/flows","properties":{"apiId":"/providers/Microsoft.PowerApps/apis/shared_logicflows","displayName":"Site Admin Access - User Active Notification","definition":{"metadata":{"workflowEntityId":null,"processAdvisorMetadata":null,"flowclientsuspensionreason":"None","flowclientsuspensiontime":null,"creator":{"id":"9a560740-d9c1-40b0-b9b2-fa5f1eace8d4","type":"User","tenantId":"9b98e901-6cc8-4680-820b-35ec2284fc94"},"provisioningMethod":"FromDefinition","failureAlertSubscription":true,"clientLastModifiedTime":"2021-07-15T18:50:36.2324243Z"},"$schema":"https://schema.management.azure.com/providers/Microsoft.Logic/schemas/2016-06-01/workflowdefinition.json#","contentVersion":"1.0.0.0","parameters":{"$connections":{"defaultValue":{},"type":"Object"},"$authentication":{"defaultValue":{},"type":"SecureObject"},"sharepoint.site":{"defaultValue":"","type":"String"},"sharepoint.list":{"defaultValue":"","type":"String"}},"triggers":{"When_an_existing_item_is_modified":{"recurrence":{"frequency":"Minute","interval":1},"splitOn":"@triggerBody()?.value","metadata":{"flowSystemMetadata":{"swaggerOperationId":"GetOnUpdatedItems"}},"type":"ApiConnection","inputs":{"host":{"connection":{"name":"@parameters('$connections')['shared_sharepointonline']['connectionId']"},"api":{"runtimeUrl":"https://unitedstates-002.azure-apim.net/apim/sharepointonline"}},"method":"get","path":"/datasets/@{encodeURIComponent(encodeURIComponent('https://m365x088487.sharepoint.com/sites/SiteAdminAccess'))}/tables/@{encodeURIComponent(encodeURIComponent('3714d8a6-2a3b-44a9-9ae9-583f379a1a63'))}/onupdateditems","authentication":"@parameters('$authentication')"},"conditions":[{"expression":"@equals(triggerBody()?['reqSysStatus']?['value'],'TRIGGER-USER-ACTIVE')"}]}},"actions":{"Get_changes_for_an_item_or_a_file_(properties_only)":{"runAfter":{"Compose_-_Version_Number":["Succeeded"]},"metadata":{"flowSystemMetadata":{"swaggerOperationId":"GetItemChanges"}},"type":"ApiConnection","inputs":{"host":{"connection":{"name":"@parameters('$connections')['shared_sharepointonline']['connectionId']"},"api":{"runtimeUrl":"https://unitedstates-002.azure-apim.net/apim/sharepointonline"}},"method":"post","path":"/datasets/@{encodeURIComponent(encodeURIComponent('https://m365x088487.sharepoint.com/sites/SiteAdminAccess'))}/tables/@{encodeURIComponent(encodeURIComponent('3714d8a6-2a3b-44a9-9ae9-583f379a1a63'))}/items/@{encodeURIComponent(encodeURIComponent(triggerBody()?['ID']))}/changes","queries":{"since":"@{add(float(triggerBody()?['{VersionNumber}']), -1)}","until":"@triggerBody()?['{VersionNumber}']","includeDrafts":false},"authentication":"@parameters('$authentication')"}},"Condition":{"actions":{"Send_Email_-_Request_Active_Notice":{"runAfter":{},"metadata":{"flowSystemMetadata":{"swaggerOperationId":"SendEmailV2"}},"type":"ApiConnection","inputs":{"host":{"connection":{"name":"@parameters('$connections')['shared_office365']['connectionId']"},"api":{"runtimeUrl":"https://unitedstates-002.azure-apim.net/apim/office365"}},"method":"post","body":{"To":"@triggerBody()?['Author']?['Email']","Subject":"Site Admin Access - @{triggerBody()?['Title']} - ACTIVE","Body":"<p>Your Site Admin Request is now ACTIVE and will remain active until @{triggerBody()?['reqExpiryTime']}.<br>\n<br>\n<a href=\"@{triggerBody()?['reqAbsoluteSiteUrl']}\">@{triggerBody()?['Title']}</a><br>\n<br>\nSincerely,<br>\n<br>\nSite Admin Access</p>","From":"SiteAdminAccess@M365x088487.onmicrosoft.com","ReplyTo":"SiteAdminAccess@M365x088487.onmicrosoft.com"},"path":"/v2/Mail","authentication":"@parameters('$authentication')"}}},"runAfter":{"Get_changes_for_an_item_or_a_file_(properties_only)":["Succeeded"]},"expression":{"equals":["@body('Get_changes_for_an_item_or_a_file_(properties_only)')?['ColumnHasChanged']?['reqSysStatus']","@true"]},"type":"If"},"Compose_-_Version_Number":{"runAfter":{},"type":"Compose","inputs":"@float(triggerBody()?['{VersionNumber}'])"}},"description":"Create a custom action to happen when an existing item is modified in a SharePoint list. It could be sending an email, copying the item to a folder or web service, or something else you decide."},"connectionReferences":{"shared_sharepointonline":{"connectionName":"457c3fd51302434da997145530a4ae9f","source":"Embedded","id":"/providers/Microsoft.PowerApps/apis/shared_sharepointonline","tier":"NotSpecified"},"shared_office365":{"connectionName":"shared-office365-9743de4c-e9eb-4165-bd21-6bb7-4db673f5","source":"Embedded","id":"/providers/Microsoft.PowerApps/apis/shared_office365","tier":"NotSpecified"}},"flowFailureAlertSubscribed":false}}