{"name":"a61d814e-32ab-47eb-a24a-c1cf1a8f2f90","id":"/providers/Microsoft.Flow/flows/a61d814e-32ab-47eb-a24a-c1cf1a8f2f90","type":"Microsoft.Flow/flows","properties":{"apiId":"/providers/Microsoft.PowerApps/apis/shared_logicflows","displayName":"03 - JIT Artifacts - List","definition":{"metadata":{"workflowEntityId":null,"processAdvisorMetadata":null,"flowclientsuspensionreason":"None","flowclientsuspensiontime":null,"creator":{"id":"49e9bb21-f2b0-47d4-9c7e-d5bb99fc0347","type":"User","tenantId":"77aa4006-3cf4-4525-8f11-b5df454e8bbf"},"provisioningMethod":"FromDefinition","failureAlertSubscription":true,"clientLastModifiedTime":"2021-07-13T22:10:42.7495275Z"},"$schema":"https://schema.management.azure.com/providers/Microsoft.Logic/schemas/2016-06-01/workflowdefinition.json#","contentVersion":"1.0.0.0","parameters":{"$connections":{"defaultValue":{},"type":"Object"},"$authentication":{"defaultValue":{},"type":"SecureObject"}},"triggers":{"manual":{"type":"Request","kind":"Button","inputs":{"schema":{"type":"object","properties":{},"required":[]}}}},"actions":{"SiteURLCompose":{"runAfter":{},"type":"Compose","inputs":"https://gov963094.sharepoint.com/sites/OccupancyTracker"},"Send_an_HTTP_request_to_SharePoint":{"runAfter":{"ContentTypeNameCompose":["Succeeded"]},"type":"OpenApiConnection","inputs":{"host":{"apiId":"/providers/Microsoft.PowerApps/apis/shared_sharepointonline","connectionName":"shared_sharepointonline","operationId":"HttpRequest"},"parameters":{"dataset":"@outputs('SiteURLCompose')","parameters/method":"GET","parameters/uri":"_api/web/lists/GetByTitle('@{outputs('ListNameCompose')}')","parameters/headers":{"Content-Type":"application/json;odata=verbose"}},"authentication":{"value":"@json(decodeBase64(triggerOutputs().headers['X-MS-APIM-Tokens']))['$ConnectionKey']","type":"Raw"}}},"List_Exists":{"runAfter":{"Send_an_HTTP_request_to_SharePoint":["Succeeded"]},"type":"Compose","inputs":"List Exists"},"List_Does_Not_Exist":{"runAfter":{"Send_an_HTTP_request_to_SharePoint":["Failed"]},"type":"Compose","inputs":"List Does Not Exist"},"Terminate":{"runAfter":{"Send_an_HTTP_request_to_SharePoint_DELETE_LIST":["Succeeded","Skipped"],"Send_an_HTTP_request_to_SharePoint_UPDATE_TITLE_FIELD":["Succeeded"]},"type":"Terminate","inputs":{"runStatus":"Succeeded"}},"Send_an_HTTP_request_to_SharePoint_CREATE_LIST":{"runAfter":{"List_Does_Not_Exist":["Succeeded"]},"type":"OpenApiConnection","inputs":{"host":{"apiId":"/providers/Microsoft.PowerApps/apis/shared_sharepointonline","connectionName":"shared_sharepointonline","operationId":"HttpRequest"},"parameters":{"dataset":"@outputs('SiteURLCompose')","parameters/method":"POST","parameters/uri":"/_api/web/lists","parameters/headers":{"Accept":"application/json;odata=verbose","Content-Type":"application/json;odata=verbose"},"parameters/body":"{\n   \"__metadata\": {\"type\": \"SP.List\"},\n   \"AllowContentTypes\": true,\n   \"BaseTemplate\": 100,\n   \"Description\": \"This is a list of Site Admin Requests.\",\n   \"Title\": \"@{outputs('ListNameCompose')}\"\n}"},"authentication":{"value":"@json(decodeBase64(triggerOutputs().headers['X-MS-APIM-Tokens']))['$ConnectionKey']","type":"Raw"}}},"Send_an_HTTP_request_to_SharePoint_DELETE_LIST":{"runAfter":{"List_Exists":["Succeeded"]},"type":"OpenApiConnection","inputs":{"host":{"apiId":"/providers/Microsoft.PowerApps/apis/shared_sharepointonline","connectionName":"shared_sharepointonline","operationId":"HttpRequest"},"parameters":{"dataset":"@outputs('SiteURLCompose')","parameters/method":"POST","parameters/uri":"_api/web/lists/GetByTitle('@{outputs('ListNameCompose')}')","parameters/headers":{"accept":"application/json;odata=verbose","content-type":"application/json;odata=verbose","IF-MATCH":"*","X-HTTP-METHOD":"DELETE"}},"retryPolicy":{"type":"none"},"authentication":{"value":"@json(decodeBase64(triggerOutputs().headers['X-MS-APIM-Tokens']))['$ConnectionKey']","type":"Raw"}}},"ListNameCompose":{"runAfter":{"SiteURLCompose":["Succeeded"]},"type":"Compose","inputs":"Site Admin Requests"},"ContentTypeNameCompose":{"runAfter":{"ListNameCompose":["Succeeded"]},"type":"Compose","inputs":"JIT Site Admin Request CT"},"Send_an_HTTP_request_to_SharePoint_GET_CT":{"runAfter":{"Send_an_HTTP_request_to_SharePoint_CREATE_LIST":["Succeeded"]},"type":"OpenApiConnection","inputs":{"host":{"apiId":"/providers/Microsoft.PowerApps/apis/shared_sharepointonline","connectionName":"shared_sharepointonline","operationId":"HttpRequest"},"parameters":{"dataset":"@outputs('SiteURLCompose')","parameters/method":"GET","parameters/uri":"_api/web/contenttypes?$filter=Name eq '@{outputs('ContentTypeNameCompose')}'","parameters/headers":{"Content-Type":"application/json;odata=verbose"}},"authentication":{"value":"@json(decodeBase64(triggerOutputs().headers['X-MS-APIM-Tokens']))['$ConnectionKey']","type":"Raw"}}},"Condition":{"actions":{"CTStringId":{"runAfter":{},"type":"Compose","inputs":"@outputs('Send_an_HTTP_request_to_SharePoint_GET_CT')?['body']?['d']?['results']?[0]?['StringId']"},"Send_an_HTTP_request_to_SharePoint_2":{"runAfter":{"CTStringId":["Succeeded"]},"type":"OpenApiConnection","inputs":{"host":{"apiId":"/providers/Microsoft.PowerApps/apis/shared_sharepointonline","connectionName":"shared_sharepointonline","operationId":"HttpRequest"},"parameters":{"dataset":"@outputs('SiteURLCompose')","parameters/method":"POST","parameters/uri":"_api/web/lists/GetByTitle('@{outputs('ListNameCompose')}')/ContentTypes/AddAvailableContentType","parameters/headers":{"content-type":"application/json;odata=verbose","accept":"application/json;odata=verbose"},"parameters/body":"{\n    \"contentTypeId\" : \"@{outputs('CTStringId')}\"\n}"},"authentication":{"value":"@json(decodeBase64(triggerOutputs().headers['X-MS-APIM-Tokens']))['$ConnectionKey']","type":"Raw"}}}},"runAfter":{"Send_an_HTTP_request_to_SharePoint_GET_CT":["Succeeded"]},"expression":{"equals":["@length(outputs('Send_an_HTTP_request_to_SharePoint_GET_CT')?['body']?['d']?['results'])",1]},"type":"If"},"Send_an_HTTP_request_to_SharePoint_UPDATE_TITLE_FIELD":{"runAfter":{"Condition":["Succeeded"]},"type":"OpenApiConnection","inputs":{"host":{"apiId":"/providers/Microsoft.PowerApps/apis/shared_sharepointonline","connectionName":"shared_sharepointonline","operationId":"HttpRequest"},"parameters":{"dataset":"@outputs('SiteURLCompose')","parameters/method":"POST","parameters/uri":"_api/web/lists/GetByTitle('@{outputs('ListNameCompose')}')/Fields/GetByTitle('Title')","parameters/headers":{"accept":"application/json;odata=verbose","content-type":"application/json;odata=verbose","IF-MATCH":"*","X-HTTP-Method":"MERGE"},"parameters/body":"{\n    '__metadata': {'type': 'SP.FieldText'},\n    'Title': 'Site URL',\n    \"ValidationFormula\":'=AND(ISERROR(FIND(\"/\",[Site URL])),ISERROR(FIND(\":\",[Site URL])),ISERROR(FIND(\" \",[Site URL])))',\n     \"ValidationMessage\":'Site URL should be relative.  Just input the name of the site collection after the \"/sites/\"'\n}"},"authentication":{"value":"@json(decodeBase64(triggerOutputs().headers['X-MS-APIM-Tokens']))['$ConnectionKey']","type":"Raw"}}}}},"connectionReferences":{"shared_sharepointonline":{"connectionName":"e1aa34b3c7c142e8801053052611cd2c","source":"Invoker","id":"/providers/Microsoft.PowerApps/apis/shared_sharepointonline","tier":"NotSpecified"}},"flowFailureAlertSubscribed":false}}