{"name":"9902ef96-7be8-4a83-b309-658aceba25cd","id":"/providers/Microsoft.Flow/flows/9902ef96-7be8-4a83-b309-658aceba25cd","type":"Microsoft.Flow/flows","properties":{"apiId":"/providers/Microsoft.PowerApps/apis/shared_logicflows","displayName":"04 - JIT HIDE FIELDS in the NEW AND EDIT FORMS","definition":{"metadata":{"workflowEntityId":null,"processAdvisorMetadata":null,"flowclientsuspensionreason":"None","flowclientsuspensiontime":null,"creator":{"id":"49e9bb21-f2b0-47d4-9c7e-d5bb99fc0347","type":"User","tenantId":"77aa4006-3cf4-4525-8f11-b5df454e8bbf"},"provisioningMethod":"FromDefinition","failureAlertSubscription":true,"clientLastModifiedTime":"2021-07-13T22:43:06.105665Z"},"$schema":"https://schema.management.azure.com/providers/Microsoft.Logic/schemas/2016-06-01/workflowdefinition.json#","contentVersion":"1.0.0.0","parameters":{"$connections":{"defaultValue":{},"type":"Object"},"$authentication":{"defaultValue":{},"type":"SecureObject"}},"triggers":{"manual":{"type":"Request","kind":"Button","inputs":{"schema":{"type":"object","properties":{},"required":[]}}}},"actions":{"SiteURLCompose":{"runAfter":{},"type":"Compose","inputs":"https://gov963094.sharepoint.com/sites/OccupancyTracker"},"ListNameCompose":{"runAfter":{"SiteURLCompose":["Succeeded"]},"type":"Compose","inputs":"Site Admin Requests"},"Initialize_FieldNamesWithTitle_variable":{"runAfter":{"ListNameCompose":["Succeeded"]},"type":"InitializeVariable","inputs":{"variables":[{"name":"FieldNamesWithTitle","type":"array","value":["Absolute Site URL","Expire Time in Minutes","Exception Message","System Status","Request Status","Expiry Time","Activate Time","Attachments"]}]}},"Apply_to_each":{"foreach":"@variables('FieldNamesWithTitle')","actions":{"Send_an_HTTP_request_to_SharePoint_UPDATE_ShowInNewForm":{"runAfter":{},"type":"OpenApiConnection","inputs":{"host":{"apiId":"/providers/Microsoft.PowerApps/apis/shared_sharepointonline","connectionName":"shared_sharepointonline","operationId":"HttpRequest"},"parameters":{"dataset":"@outputs('SiteURLCompose')","parameters/method":"POST","parameters/uri":"_api/web/lists/GetByTitle('@{outputs('ListNameCompose')}')/Fields/GetByTitle('@{items('Apply_to_each')}')/SetShowInNewForm(false)","parameters/headers":{"accept":"application/json;odata=verbose","content-type":"application/json;odata=verbose","IF-MATCH":"*","X-HTTP-Method":"MERGE"},"parameters/body":"{\n    '__metadata': {'type': 'SP.List'},\n    'EnableAttachments': 'false'\n}"},"authentication":{"value":"@json(decodeBase64(triggerOutputs().headers['X-MS-APIM-Tokens']))['$ConnectionKey']","type":"Raw"}}},"Send_an_HTTP_request_to_SharePoint_UPDATE_ShowInEditForm":{"runAfter":{"Send_an_HTTP_request_to_SharePoint_UPDATE_ShowInNewForm":["Succeeded"]},"type":"OpenApiConnection","inputs":{"host":{"apiId":"/providers/Microsoft.PowerApps/apis/shared_sharepointonline","connectionName":"shared_sharepointonline","operationId":"HttpRequest"},"parameters":{"dataset":"@outputs('SiteURLCompose')","parameters/method":"POST","parameters/uri":"_api/web/lists/GetByTitle('@{outputs('ListNameCompose')}')/Fields/GetByTitle('@{items('Apply_to_each')}')/SetShowInEditForm(false)","parameters/headers":{"accept":"application/json;odata=verbose","content-type":"application/json;odata=verbose","IF-MATCH":"*","X-HTTP-Method":"MERGE"}},"authentication":{"value":"@json(decodeBase64(triggerOutputs().headers['X-MS-APIM-Tokens']))['$ConnectionKey']","type":"Raw"}}}},"runAfter":{"Send_an_HTTP_request_to_SharePoint":["Succeeded"]},"type":"Foreach"},"Send_an_HTTP_request_to_SharePoint":{"runAfter":{"Initialize_FieldNamesWithTitle_variable":["Succeeded"]},"type":"OpenApiConnection","inputs":{"host":{"apiId":"/providers/Microsoft.PowerApps/apis/shared_sharepointonline","connectionName":"shared_sharepointonline","operationId":"HttpRequest"},"parameters":{"dataset":"@outputs('SiteURLCompose')","parameters/method":"POST","parameters/uri":"_api/web/lists/GetByTitle('@{outputs('ListNameCompose')}')","parameters/headers":{"accept":"application/json;odata=verbose","content-type":"application/json;odata=verbose","IF-MATCH":"*","X-HTTP-Method":"MERGE"},"parameters/body":"{\n    '__metadata': {'type': 'SP.List'},\n    'EnableAttachments': 'false'\n}"},"authentication":{"value":"@json(decodeBase64(triggerOutputs().headers['X-MS-APIM-Tokens']))['$ConnectionKey']","type":"Raw"}}}}},"connectionReferences":{"shared_sharepointonline":{"connectionName":"e1aa34b3c7c142e8801053052611cd2c","source":"Invoker","id":"/providers/Microsoft.PowerApps/apis/shared_sharepointonline","tier":"NotSpecified"}},"flowFailureAlertSubscribed":false}}