{"name":"04dfa4bd-9005-418b-a7bf-2b8e1b0731fa","id":"/providers/Microsoft.Flow/flows/04dfa4bd-9005-418b-a7bf-2b8e1b0731fa","type":"Microsoft.Flow/flows","properties":{"apiId":"/providers/Microsoft.PowerApps/apis/shared_logicflows","displayName":"02 - JIT Artifacts - CT","definition":{"metadata":{"workflowEntityId":null,"processAdvisorMetadata":null,"flowclientsuspensionreason":"None","flowclientsuspensiontime":null,"creator":{"id":"49e9bb21-f2b0-47d4-9c7e-d5bb99fc0347","type":"User","tenantId":"77aa4006-3cf4-4525-8f11-b5df454e8bbf"},"provisioningMethod":"FromDefinition","failureAlertSubscription":true,"clientLastModifiedTime":"2021-07-13T22:04:18.6249248Z"},"$schema":"https://schema.management.azure.com/providers/Microsoft.Logic/schemas/2016-06-01/workflowdefinition.json#","contentVersion":"1.0.0.0","parameters":{"$connections":{"defaultValue":{},"type":"Object"},"$authentication":{"defaultValue":{},"type":"SecureObject"}},"triggers":{"manual":{"type":"Request","kind":"Button","inputs":{"schema":{"type":"object","properties":{},"required":[]}}}},"actions":{"SiteURLCompose":{"runAfter":{},"type":"Compose","inputs":"https://gov963094.sharepoint.com/sites/OccupancyTracker"},"Send_an_HTTP_request_to_SharePoint":{"runAfter":{"ContentTypeNameCompose":["Succeeded"]},"type":"OpenApiConnection","inputs":{"host":{"apiId":"/providers/Microsoft.PowerApps/apis/shared_sharepointonline","connectionName":"shared_sharepointonline","operationId":"HttpRequest"},"parameters":{"dataset":"@outputs('SiteURLCompose')","parameters/method":"GET","parameters/uri":"_api/web/contenttypes?$filter=Name eq '@{outputs('ContentTypeNameCompose')}'","parameters/headers":{"Content-Type":"application/json;odata=verbose"}},"authentication":{"value":"@json(decodeBase64(triggerOutputs().headers['X-MS-APIM-Tokens']))['$ConnectionKey']","type":"Raw"}}},"ContentTypeNameCompose":{"runAfter":{"SiteURLCompose":["Succeeded"]},"type":"Compose","inputs":"JIT Site Admin Request CT"},"Condition":{"actions":{"Compose":{"runAfter":{},"type":"Compose","inputs":"CT exists"}},"runAfter":{"Send_an_HTTP_request_to_SharePoint":["Succeeded"]},"else":{"actions":{"Compose_2":{"runAfter":{},"type":"Compose","inputs":"CT does not exist"},"Send_an_HTTP_request_to_SharePoint_CREATE_CT":{"runAfter":{"Compose_2":["Succeeded"]},"type":"OpenApiConnection","inputs":{"host":{"apiId":"/providers/Microsoft.PowerApps/apis/shared_sharepointonline","connectionName":"shared_sharepointonline","operationId":"HttpRequest"},"parameters":{"dataset":"@outputs('SiteURLCompose')","parameters/method":"POST","parameters/uri":"_api/web/ContentTypes","parameters/headers":{"accept":"application/json;odata=verbose","content-type":"application/json;odata=verbose"},"parameters/body":"{\n    \"__metadata\": { \"type\": \"SP.ContentType\"},\n    \"Name\": \"@{outputs('ContentTypeNameCompose')}\",\n    \"Description\": \"This is a CT of Site Admin Requests List\",\n    \"Group\": \"JIT Site Request Content Types\",\n    \"Id\": {\n        \"__metadata\": {\"type\": \"SP.ContentTypeId\"},\n        \"StringValue\": \"0x01\"\n    }\n}"},"authentication":{"value":"@json(decodeBase64(triggerOutputs().headers['X-MS-APIM-Tokens']))['$ConnectionKey']","type":"Raw"}}}}},"expression":{"greater":["@length(outputs('Send_an_HTTP_request_to_SharePoint')?['body']?['d']?['results'])",0]},"type":"If"}}},"connectionReferences":{"shared_sharepointonline":{"connectionName":"e1aa34b3c7c142e8801053052611cd2c","source":"Invoker","id":"/providers/Microsoft.PowerApps/apis/shared_sharepointonline","tier":"NotSpecified"}},"flowFailureAlertSubscribed":false}}