{"name":"89b15096-bb62-4344-8cf4-89edc63566d1","id":"/providers/Microsoft.Flow/flows/89b15096-bb62-4344-8cf4-89edc63566d1","type":"Microsoft.Flow/flows","properties":{"apiId":"/providers/Microsoft.PowerApps/apis/shared_logicflows","displayName":"Site Admin Requests List Creation v3","definition":{"metadata":{"workflowEntityId":null,"processAdvisorMetadata":null,"flowclientsuspensionreason":"None","flowclientsuspensiontime":null,"creator":{"id":"9a560740-d9c1-40b0-b9b2-fa5f1eace8d4","type":"User","tenantId":"9b98e901-6cc8-4680-820b-35ec2284fc94"},"provisioningMethod":"FromDefinition","failureAlertSubscription":true,"clientLastModifiedTime":"2021-07-13T19:31:49.378352Z"},"$schema":"https://schema.management.azure.com/providers/Microsoft.Logic/schemas/2016-06-01/workflowdefinition.json#","contentVersion":"1.0.0.0","parameters":{"$connections":{"defaultValue":{},"type":"Object"},"$authentication":{"defaultValue":{},"type":"SecureObject"}},"triggers":{"manual":{"type":"Request","kind":"Button","inputs":{"schema":{"type":"object","properties":{"text":{"title":"Site URL","type":"string","x-ms-dynamically-added":true,"description":"Please enter the site URL of the request list","x-ms-content-hint":"TEXT"}},"required":["text"]}},"description":"Ask for the Site URL to create the site columns, content type and site list."}},"actions":{"Site_Request_List_URL":{"runAfter":{},"type":"InitializeVariable","inputs":{"variables":[{"name":"SiteURL","type":"string","value":"@triggerBody()['text']"}]},"description":"Declare the Site URL variable for use in the SharePoint actions"},"Site_Admins_Request_List_-_Site_Script":{"actions":{"Site_Script_Actions":{"runAfter":{},"type":"Compose","inputs":{"actions":[{"verb":"createSiteColumnXml","schemaXml":"<Field Type=\"Note\" DisplayName=\"Justification\" Required=\"FALSE\" EnforceUniqueValues=\"FALSE\" Indexed=\"FALSE\" NumLines=\"6\" RichText=\"FALSE\" RichTextMode=\"Compatible\" IsolateStyles=\"FALSE\" Sortable=\"FALSE\" Group=\"SiteAdminRequests\" StaticName=\"reqJustification\" Name=\"reqJustification\" CustomFormatter=\"\" RestrictedMode=\"TRUE\" AppendOnly=\"FALSE\" UnlimitedLengthInDocumentLibrary=\"FALSE\" Customization=\"\" AllowDeletion=\"TRUE\" Hidden=\"FALSE\" ReadOnly=\"FALSE\" PITarget=\"\" PrimaryPITarget=\"\" PIAttribute=\"\" PrimaryPIAttribute=\"\" Aggregation=\"\" Node=\"\" />"},{"verb":"createSiteColumnXml","schemaXml":"<Field Type=\"DateTime\" DisplayName=\"Activate Time\" Required=\"FALSE\" EnforceUniqueValues=\"FALSE\" Indexed=\"FALSE\" Format=\"DateTime\" Group=\"SiteAdminRequests\" FriendlyDisplayFormat=\"Disabled\" StaticName=\"reqActivateTime\" Name=\"reqActivateTime\" CustomFormatter=\"\" CalType=\"0\" Customization=\"\" AllowDeletion=\"TRUE\" Hidden=\"FALSE\" ReadOnly=\"FALSE\" PITarget=\"\" PrimaryPITarget=\"\" PIAttribute=\"\" PrimaryPIAttribute=\"\" Aggregation=\"\" Node=\"\"><ClientValidationFormula>=if([$reqStatus] == 'Active', 'true', 'false')</ClientValidationFormula></Field>"},{"verb":"createSiteColumnXml","schemaXml":"<Field Type=\"DateTime\" DisplayName=\"Expiry Time\" Required=\"FALSE\" EnforceUniqueValues=\"FALSE\" Indexed=\"FALSE\" Format=\"DateTime\" Group=\"SiteAdminRequests\" FriendlyDisplayFormat=\"Disabled\" StaticName=\"reqExpiryTime\" Name=\"reqExpiryTime\" CustomFormatter=\"\" CalType=\"0\" Customization=\"\" AllowDeletion=\"TRUE\" Hidden=\"FALSE\" ReadOnly=\"FALSE\" PITarget=\"\" PrimaryPITarget=\"\" PIAttribute=\"\" PrimaryPIAttribute=\"\" Aggregation=\"\" Node=\"\"><ClientValidationFormula>=if([$reqStatus] == 'Active', 'true', 'false')</ClientValidationFormula></Field>"},{"verb":"createSiteColumnXml","schemaXml":"<Field Type=\"Choice\" DisplayName=\"Request Status\" Required=\"FALSE\" EnforceUniqueValues=\"FALSE\" Indexed=\"FALSE\" Format=\"Dropdown\" FillInChoice=\"FALSE\" Group=\"SiteAdminRequests\"  StaticName=\"reqStatus\" Name=\"reqStatus\" CustomFormatter=\"\" Customization=\"\" AllowDeletion=\"TRUE\" Hidden=\"FALSE\" ReadOnly=\"FALSE\" PITarget=\"\" PrimaryPITarget=\"\" PIAttribute=\"\" PrimaryPIAttribute=\"\" Aggregation=\"\" Node=\"\"><Default>Pending</Default><CHOICES><CHOICE>Pending</CHOICE><CHOICE>Approved</CHOICE><CHOICE>Active</CHOICE><CHOICE>Completed</CHOICE><CHOICE>Rejected</CHOICE><CHOICE>Error</CHOICE></CHOICES><ClientValidationFormula>=if([$reqStatus] == 'Active', 'true', 'false')</ClientValidationFormula></Field>"},{"verb":"createSiteColumnXml","schemaXml":"<Field Type=\"Choice\" DisplayName=\"System Status\" Required=\"FALSE\" EnforceUniqueValues=\"FALSE\" Indexed=\"FALSE\" Format=\"Dropdown\" FillInChoice=\"FALSE\" Group=\"SiteAdminRequests\" StaticName=\"reqSysStatus\" Name=\"reqSysStatus\" CustomFormatter=\"\" Customization=\"\" ReadOnly=\"FALSE\" PITarget=\"\" PrimaryPITarget=\"\" PIAttribute=\"\" PrimaryPIAttribute=\"\" Aggregation=\"\" Node=\"\" AllowDeletion=\"TRUE\"><Default>TRIGGER-ADMIN-APPROVED</Default><CHOICES><CHOICE>TRIGGER-ADMIN-APPROVED</CHOICE><CHOICE>TRIGGER-USER-ACTIVE</CHOICE><CHOICE>TRIGGER-USER-REMOVED</CHOICE><CHOICE>TRIGGER-ERROR</CHOICE></CHOICES></Field>"},{"verb":"createSiteColumnXml","schemaXml":"<Field Type=\"Note\" DisplayName=\"Exception Message\" Required=\"FALSE\" EnforceUniqueValues=\"FALSE\" Indexed=\"FALSE\" NumLines=\"6\" RichText=\"FALSE\" RichTextMode=\"Compatible\" IsolateStyles=\"FALSE\" Sortable=\"FALSE\" Group=\"SiteAdminRequests\" StaticName=\"reqError\" Name=\"reqError\" CustomFormatter=\"\" RestrictedMode=\"TRUE\" AppendOnly=\"FALSE\" UnlimitedLengthInDocumentLibrary=\"FALSE\" Customization=\"\" AllowDeletion=\"TRUE\" Hidden=\"FALSE\" ReadOnly=\"FALSE\" PITarget=\"\" PrimaryPITarget=\"\" PIAttribute=\"\" PrimaryPIAttribute=\"\" Aggregation=\"\" Node=\"\"><ClientValidationFormula>=if([$reqStatus] == 'Error', 'true', 'false')</ClientValidationFormula></Field>"},{"verb":"createSiteColumnXml","schemaXml":"<Field CommaSeparator=\"TRUE\" DisplayName=\"Expire Time in Minutes\" CustomUnitOnRight=\"TRUE\" Decimals=\"0\" Description=\"Time in minutes\" Format=\"Dropdown\" Name=\"reqExpireTimeMin\" Percentage=\"FALSE\" Title=\"Time\" Type=\"Number\" Unit=\"None\" StaticName=\"reqExpireTimeMin\" Required=\"FALSE\" Hidden=\"FALSE\" ReadOnly=\"FALSE\" PITarget=\"\" PrimaryPITarget=\"\" PIAttribute=\"\" PrimaryPIAttribute=\"\" Aggregation=\"\" Node=\"\"><Default>10</Default><ClientValidationFormula>=if([$reqStatus] == 'Active', 'true', 'false')</ClientValidationFormula></Field>"},{"verb":"createSiteColumnXml","schemaXml":"<Field DisplayName=\"Absolute Site URL\" Format=\"Hyperlink\" IsModern=\"TRUE\" Name=\"reqAbsoluteSiteUrl\" Group=\"SiteAdminRequests\" Title=\"reqAbsoluteSiteUrl\" Type=\"URL\" StaticName=\"reqAbsoluteSiteUrl\" Required=\"FALSE\" Hidden=\"FALSE\" ReadOnly=\"FALSE\" PITarget=\"\" PrimaryPITarget=\"\" PIAttribute=\"\" PrimaryPIAttribute=\"\" Aggregation=\"\" Node=\"\"><ClientValidationFormula>=if([$reqStatus] == 'Active', 'true', 'false')</ClientValidationFormula></Field>"},{"verb":"createSiteColumnXml","schemaXml":"<Field Type=\"UserMulti\" DisplayName=\"Site Admin Approvers\" List=\"UserInfo\" Required=\"FALSE\" EnforceUniqueValues=\"FALSE\" ShowField=\"ImnName\" UserSelectionMode=\"PeopleOnly\" UserSelectionScope=\"0\" Mult=\"TRUE\" Sortable=\"FALSE\" Group=\"SiteAdminRequests\" StaticName=\"reqApprovers\" Name=\"reqApprovers\" Version=\"2\" />"},{"verb":"createSiteColumnXml","schemaXml":"<Field Type=\"DateTime\" DisplayName=\"Site Admin Approval Time\" Required=\"FALSE\" EnforceUniqueValues=\"FALSE\" Indexed=\"FALSE\" Format=\"DateTime\" Group=\"SiteAdminRequests\" FriendlyDisplayFormat=\"Disabled\" StaticName=\"reqApprovalTime\" Name=\"reqApprovalTime\" Version=\"2\" CustomFormatter=\"\" CalType=\"0\"></Field>"},{"verb":"createSiteColumnXml","schemaXml":"<Field Type=\"Note\" DisplayName=\"Site Admin Approval Comments\" Required=\"FALSE\" EnforceUniqueValues=\"FALSE\" Indexed=\"FALSE\" NumLines=\"6\" RichText=\"Compatible\" Sortable=\"FALSE\" Group=\"SiteAdminRequests\" StaticName=\"reqApprovalComments\" Name=\"reqApprovalComments\" Version=\"2\" CustomFormatter=\"\" RestrictedMode=\"TRUE\" RichTextMode=\"Compatible\" IsolateStyles=\"FALSE\" AppendOnly=\"FALSE\" UnlimitedLengthInDocumentLibrary=\"FALSE\"></Field>"},{"verb":"createContentType","name":"SiteAdminRequest","group":"SiteAdminAccess","description":"Site Admin Access Request","parentName":"Item","hidden":false,"subactions":[{"verb":"addSiteColumn","internalName":"reqJustification"},{"verb":"addSiteColumn","internalName":"reqStatus"},{"verb":"addSiteColumn","internalName":"reqSysStatus"},{"verb":"addSiteColumn","internalName":"reqActivateTime"},{"verb":"addSiteColumn","internalName":"reqExpiryTime"},{"verb":"addSiteColumn","internalName":"reqExpireTimeMin"},{"verb":"addSiteColumn","internalName":"reqError"},{"verb":"addSiteColumn","internalName":"reqAbsoluteSiteUrl"},{"verb":"addSiteColumn","internalName":"reqApprovers"},{"verb":"addSiteColumn","internalName":"reqApprovalTime"},{"verb":"addSiteColumn","internalName":"reqApprovalComments"}]},{"verb":"createSPList","listName":"Site Admin Requests","templateType":100,"color":"1","icon":"11","subactions":[{"verb":"addContentType","name":"SiteAdminRequest"},{"verb":"addSPFieldXml","schemaXml":"<Field Type=\"Text\" Name=\"Title\" DisplayName=\"Site URL\" Required=\"TRUE\" StaticName=\"Title\" FromBaseType=\"TRUE\" ColName=\"nvarchar1\" CustomFormatter=\"\" EnforceUniqueValues=\"FALSE\" Indexed=\"FALSE\" MaxLength=\"255\" Version=\"3\" RowOrdinal=\"0\"><Validation Message=\"Site URL needs only the site name.  Do not include the root path https://gov963094.sharepoint.com/sites/\">=AND(ISERROR(FIND(\"/\",Title)),ISERROR(FIND(\":\",Title)),ISERROR(FIND(\" \",Title)))</Validation></Field>"},{"verb":"addSPView","name":"All Items","viewFields":["ID","Title","reqAbsoluteSiteUrl","reqJustification","reqActivateTime","reqExpiryTime","reqStatus","reqSysStatus","reqError","reqApprovers","reqApprovalTime","reqApprovalComments","Author","Created","Modified","Editor"],"query":"<OrderBy><FieldRef Name=\"ID\" Ascending=\"FALSE\" /></OrderBy>","rowLimit":30,"isPaged":true,"replaceViewFields":true},{"verb":"addSPView","name":"My Requests","viewFields":["Title","reqActivateTime","reqExpiryTime","reqStatus","reqAbsoluteSiteUrl"],"query":"<OrderBy><FieldRef Name=\"reqActivateTime\" /></OrderBy><Where><Eq><FieldRef Name=\"Author\" /><Value Type=\"Integer\"><UserID Type=\"Integer\" /></Value></Eq></Where>","rowLimit":30,"isPaged":true,"makeDefault":true,"formatterJSON":"{\"tileProps\":{\"height\":273,\"width\":254,\"hideSelection\":false,\"fillHorizontally\":true,\"formatter\":{\"elmType\":\"div\",\"attributes\":{\"class\":\"sp-card-container\"},\"children\":[{\"elmType\":\"button\",\"attributes\":{\"class\":\"sp-card-defaultClickButton\",\"role\":\"presentation\"},\"customRowAction\":{\"action\":\"defaultClick\"}},{\"elmType\":\"div\",\"attributes\":{\"class\":\"ms-bgColor-white sp-css-borderColor-neutralLight sp-card-borderHighlight sp-card-subContainer\"},\"children\":[{\"elmType\":\"div\",\"attributes\":{\"class\":\"sp-card-displayColumnContainer\"},\"children\":[{\"elmType\":\"p\",\"attributes\":{\"class\":\"ms-fontColor-neutralSecondary sp-card-label\"},\"txtContent\":\"[!Title.DisplayName]\"},{\"elmType\":\"p\",\"attributes\":{\"title\":\"[$Title]\",\"class\":\"ms-fontColor-neutralPrimary sp-card-content sp-card-highlightedContent\"},\"txtContent\":\"=if ([$Title] == '', '?', [$Title])\"}]},{\"elmType\":\"div\",\"attributes\":{\"class\":\"sp-card-displayColumnContainer\"},\"children\":[{\"elmType\":\"p\",\"attributes\":{\"class\":\"ms-fontColor-neutralSecondary sp-card-label\"},\"txtContent\":\"[!reqActivateTime.DisplayName]\"},{\"elmType\":\"p\",\"attributes\":{\"title\":\"=if ([$reqActivateTime.displayValue] == '', '?', [$reqActivateTime.displayValue])\",\"class\":\"ms-fontColor-neutralPrimary sp-card-content \"},\"txtContent\":\"=if ([$reqActivateTime.displayValue] == '', '?', [$reqActivateTime.displayValue])\"}]},{\"elmType\":\"div\",\"attributes\":{\"class\":\"sp-card-displayColumnContainer\"},\"children\":[{\"elmType\":\"p\",\"attributes\":{\"class\":\"ms-fontColor-neutralSecondary sp-card-label\"},\"txtContent\":\"[!reqExpiryTime.DisplayName]\"},{\"elmType\":\"p\",\"attributes\":{\"title\":\"=if ([$reqExpiryTime.displayValue] == '', '?', [$reqExpiryTime.displayValue])\",\"class\":\"ms-fontColor-neutralPrimary sp-card-content \"},\"txtContent\":\"=if ([$reqExpiryTime.displayValue] == '', '?', [$reqExpiryTime.displayValue])\"}]},{\"elmType\":\"div\",\"attributes\":{\"class\":\"sp-card-displayColumnContainer\"},\"children\":[{\"elmType\":\"p\",\"attributes\":{\"class\":\"ms-fontColor-neutralSecondary sp-card-label\"},\"txtContent\":\"[!reqStatus.DisplayName]\"},{\"elmType\":\"p\",\"attributes\":{\"title\":\"[$reqStatus]\",\"class\":\"ms-fontColor-neutralPrimary sp-card-content \"},\"txtContent\":\"=if ([$reqStatus] == '', '?', [$reqStatus])\"}]},{\"elmType\":\"div\",\"attributes\":{\"class\":\"sp-card-lastTextColumnContainer\"},\"children\":[{\"elmType\":\"p\",\"attributes\":{\"class\":\"ms-fontColor-neutralSecondary sp-card-label\"},\"txtContent\":\"[!reqAbsoluteSiteUrl.DisplayName]\"},{\"elmType\":\"a\",\"attributes\":{\"title\":\"[$reqAbsoluteSiteUrl]\",\"class\":\"ms-fontColor-neutralPrimary sp-card-content sp-card-urlContent  sp-card-keyboard-focusable\",\"href\":\"[$reqAbsoluteSiteUrl]\",\"target\":\"=if ([$reqAbsoluteSiteUrl] == '', '', '_blank')\"},\"style\":{\"pointer-events\":\"=if ([$reqAbsoluteSiteUrl] == '', 'none', 'auto')\",\"text-decoration\":\"=if ([$reqAbsoluteSiteUrl] == '', 'none', 'auto')\"},\"txtContent\":\"=if ([$reqAbsoluteSiteUrl.desc] == '', '?', [$reqAbsoluteSiteUrl.desc])\"}]}]}],\"templateId\":\"TileDesigner100\"},\"designerConfig\":[1,0,\"Title\",0,\"reqActivateTime\",0,\"reqExpiryTime\",0,\"reqStatus\",0,\"reqAbsoluteSiteUrl\"]}}","replaceViewFields":true,"viewType2":"TILES"}]}]}},"Parse_JSON":{"runAfter":{"Site_Script_Actions":["Succeeded"]},"type":"ParseJson","inputs":{"content":"@outputs('Site_Script_Actions')","schema":{"type":"object","properties":{"actions":{"type":"array","items":{"type":"object","properties":{"verb":{"type":"string"},"schemaXml":{"type":"string"},"name":{"type":"string"},"group":{"type":"string"},"description":{"type":"string"},"parentName":{"type":"string"},"hidden":{"type":"boolean"},"subactions":{"type":"array","items":{"type":"object","properties":{"verb":{"type":"string"},"internalName":{"type":"string"}},"required":["verb"]}},"listName":{"type":"string"},"templateType":{"type":"integer"},"color":{"type":"string"},"icon":{"type":"string"}},"required":["verb"]}}}}}},"Apply_to_each_Site_Script_Actions":{"foreach":"@body('Parse_JSON')?['actions']","actions":{"Execute_Each_Site_Script_Action":{"runAfter":{"Body_for_REST_API":["Succeeded"]},"type":"OpenApiConnection","inputs":{"host":{"apiId":"/providers/Microsoft.PowerApps/apis/shared_sharepointonline","connectionName":"shared_sharepointonline","operationId":"HttpRequest"},"parameters":{"dataset":"@variables('SiteURL')","parameters/method":"POST","parameters/uri":"_api/Microsoft.Sharepoint.Utilities.WebTemplateExtensions.SiteScriptUtility.ExecuteSiteScriptAction()","parameters/headers":{"accept":"application/json; odata.metadata=minimal","content-type":"application/json;charset=utf-8"},"parameters/body":"@outputs('Body_for_REST_API')"},"authentication":{"value":"@json(decodeBase64(triggerOutputs().headers['X-MS-APIM-Tokens']))['$ConnectionKey']","type":"Raw"}},"description":"Execute the site action to create the site content type."},"Body_for_REST_API":{"runAfter":{},"type":"Compose","inputs":{"actionDefinition":"@{items('Apply_to_each_Site_Script_Actions')}"}}},"runAfter":{"Parse_JSON":["Succeeded"]},"type":"Foreach"}},"runAfter":{"Site_Request_List_URL":["Succeeded"]},"type":"Scope"}},"description":"Creates the Site Columns, Content Type and Site List for the JIT Site Admin Access requests.\n\nOriginal Date: 6/10/2021"},"connectionReferences":{"shared_sharepointonline":{"connectionName":"457c3fd51302434da997145530a4ae9f","source":"Invoker","id":"/providers/Microsoft.PowerApps/apis/shared_sharepointonline","tier":"NotSpecified"}},"flowFailureAlertSubscribed":false}}