{"name":"952a83f0-4821-476c-a8cf-a5a9b8bcb029","id":"/providers/Microsoft.Flow/flows/952a83f0-4821-476c-a8cf-a5a9b8bcb029","type":"Microsoft.Flow/flows","properties":{"apiId":"/providers/Microsoft.PowerApps/apis/shared_logicflows","displayName":"01 - JIT Artifacts Site Columns","definition":{"metadata":{"workflowEntityId":null,"processAdvisorMetadata":null,"flowclientsuspensionreason":"None","flowclientsuspensiontime":null,"creator":{"id":"49e9bb21-f2b0-47d4-9c7e-d5bb99fc0347","type":"User","tenantId":"77aa4006-3cf4-4525-8f11-b5df454e8bbf"},"provisioningMethod":"FromDefinition","failureAlertSubscription":true,"clientLastModifiedTime":"2021-07-16T04:07:56.5924868Z"},"$schema":"https://schema.management.azure.com/providers/Microsoft.Logic/schemas/2016-06-01/workflowdefinition.json#","contentVersion":"1.0.0.0","parameters":{"$connections":{"defaultValue":{},"type":"Object"},"$authentication":{"defaultValue":{},"type":"SecureObject"}},"triggers":{"manual":{"type":"Request","kind":"Button","inputs":{"schema":{"type":"object","properties":{},"required":[]}}}},"actions":{"Field_XML_Scope":{"actions":{"reqActivateTime":{"runAfter":{},"type":"Compose","inputs":"<Field \n  Type=\"DateTime\" \n  DisplayName=\"Activate Time\" \n  Required=\"FALSE\" \n  EnforceUniqueValues=\"FALSE\" \n  Indexed=\"FALSE\" \n  Format=\"DateTime\" \n  Group=\"JIT Site Request Columns\" \n  FriendlyDisplayFormat=\"Disabled\" \n  StaticName=\"reqActivateTime\" \n  Name=\"reqActivateTime\" \n  CustomFormatter=\"\" \n  CalType=\"0\" \n  Customization=\"\" \n  AllowDeletion=\"TRUE\">\n</Field>"},"reqJustification":{"runAfter":{"Append_reqExpiryTime_to_array_variable":["Succeeded"]},"type":"Compose","inputs":"<Field \n  Type=\"Note\" \n  DisplayName=\"Justification\" \n  Required=\"FALSE\" \n  EnforceUniqueValues=\"FALSE\" \n  Indexed=\"FALSE\" \n  NumLines=\"6\" \n  RichText=\"FALSE\" \n  RichTextMode=\"Compatible\" \n  IsolateStyles=\"FALSE\" \n  Sortable=\"FALSE\" \n  Group=\"JIT Site Request Columns\" \n  StaticName=\"reqJustification\" \n  Name=\"reqJustification\" \n  CustomFormatter=\"\" \n  RestrictedMode=\"TRUE\" \n  AppendOnly=\"FALSE\" \n  UnlimitedLengthInDocumentLibrary=\"FALSE\" \n  Customization=\"\" \n  AllowDeletion=\"TRUE\" ></Field>\n"},"reqExpiryTime":{"runAfter":{"Append_reqActivateTime_to_array_variable":["Succeeded"]},"type":"Compose","inputs":"<Field \n  Type=\"DateTime\" \n  DisplayName=\"Expiry Time\" \n  Required=\"FALSE\" \n  EnforceUniqueValues=\"FALSE\" \n  Indexed=\"FALSE\" \n  Format=\"DateTime\" \n  Group=\"JIT Site Request Columns\" \n  FriendlyDisplayFormat=\"Disabled\" \n  StaticName=\"reqExpiryTime\" \n  Name=\"reqExpiryTime\" \n  CustomFormatter=\"\" \n  CalType=\"0\" \n  Customization=\"\" \n  AllowDeletion=\"TRUE\"></Field>"},"reqStatus":{"runAfter":{"Append_reqJustification_to_array_variable":["Succeeded"]},"type":"Compose","inputs":"<Field \n  Type=\"Choice\" \n  DisplayName=\"Request Status\" \n  Required=\"FALSE\" \n  EnforceUniqueValues=\"FALSE\" \n  Indexed=\"FALSE\" \n  Format=\"Dropdown\" \n  FillInChoice=\"FALSE\" \n  Group=\"JIT Site Request Columns\" \n  ID=\"{d6673575-a774-493b-a8ac-66619e9a017b}\" \n  StaticName=\"reqStatus\" \n  Name=\"reqStatus\" \n  CustomFormatter=\"\" \n  Customization=\"\" \n  AllowDeletion=\"TRUE\">\n  <Default>Pending</Default>\n  <CHOICES>\n    <CHOICE>Pending</CHOICE>\n    <CHOICE>Approved</CHOICE>\n    <CHOICE>Active</CHOICE>\n    <CHOICE>Completed</CHOICE>\n    <CHOICE>Rejected</CHOICE>\n    <CHOICE>Error</CHOICE>\n  </CHOICES>\n>\n</Field>"},"reqSysStatus":{"runAfter":{"Append_reqStatus_to_array_variable":["Succeeded"]},"type":"Compose","inputs":"<Field \n  Type=\"Choice\" \n  DisplayName=\"System Status\" \n  Required=\"FALSE\" \n  EnforceUniqueValues=\"FALSE\" \n  Indexed=\"FALSE\" \n  Format=\"Dropdown\" \n  FillInChoice=\"FALSE\" \n  Group=\"JIT Site Request Columns\" \n  StaticName=\"reqSysStatus\" \n  Name=\"reqSysStatus\" \n  CustomFormatter=\"\" \n  Customization=\"\" \n  ReadOnly=\"FALSE\" \n  PITarget=\"\" \n  PrimaryPITarget=\"\" \n  PIAttribute=\"\" \n  PrimaryPIAttribute=\"\" \n  Aggregation=\"\" \n  Node=\"\" \n  AllowDeletion=\"TRUE\" \n  Version=\"37\">\n  <Default>TRIGGER-ADMIN-APPROVED</Default>\n  <CHOICES>\n    <CHOICE>TRIGGER-ADMIN-APPROVED</CHOICE>\n    <CHOICE>TRIGGER-USER-ACTIVE</CHOICE>\n    <CHOICE>TRIGGER-USER-REMOVED</CHOICE>\n    <CHOICE>TRIGGER-ERROR</CHOICE>\n  </CHOICES>\n>\n</Field>"},"reqError":{"runAfter":{"Append_reqSysStatus_to_array_variable":["Succeeded"]},"type":"Compose","inputs":"<Field \n  Type=\"Note\" \n  DisplayName=\"Exception Message\" \n  Required=\"FALSE\" \n  EnforceUniqueValues=\"FALSE\" \n  Indexed=\"FALSE\" \n  NumLines=\"6\" \n  RichText=\"FALSE\" \n  RichTextMode=\"Compatible\" \n  IsolateStyles=\"FALSE\" \n  Sortable=\"FALSE\" \n  Group=\"JIT Site Request Columns\" \n  StaticName=\"reqError\" \n  Name=\"reqError\" \n  CustomFormatter=\"\" \n  RestrictedMode=\"TRUE\" \n  AppendOnly=\"FALSE\" \n  UnlimitedLengthInDocumentLibrary=\"FALSE\" \n  Customization=\"\" \n  AllowDeletion=\"TRUE\">\n</Field>"},"reqExpireTimeMin":{"runAfter":{"Append_reqError_to_array_variable":["Succeeded"]},"type":"Compose","inputs":"<Field \n  CommaSeparator=\"TRUE\" \n  CustomUnitOnRight=\"TRUE\" \n  Decimals=\"0\" \n  Description=\"Time in minutes\" \n  DisplayName=\"Expire Time in Minutes\" \n  Format=\"Dropdown\" \n  Group=\"JIT Site Request Columns\" \n  Name=\"reqExpireTimeMin\" \n  Percentage=\"FALSE\" \n  Title=\"Time\" \n  Type=\"Number\" \n  Unit=\"None\" \n  StaticName=\"reqExpireTimeMin\">\n  <Default>10</Default>\n>\n</Field>"},"reqAbsoluteSiteUrl":{"runAfter":{"Append_reqExpireTimeMin_to_array_variable":["Succeeded"]},"type":"Compose","inputs":"<Field \n  DisplayName=\"Absolute Site URL\" \n  Format=\"Hyperlink\" \n  IsModern=\"TRUE\" \n  Name=\"reqAbsoluteSiteUrl\" \n  Group=\"JIT Site Request Columns\" \n  Title=\"reqAbsoluteSiteUrl\" \n  Type=\"URL\" \n  StaticName=\"reqAbsoluteSiteUrl\">\n</Field>"},"Append_reqActivateTime_to_array_variable":{"runAfter":{"reqActivateTime":["Succeeded"]},"type":"AppendToArrayVariable","inputs":{"name":"arrFieldSchemaXML","value":"@setProperty(json('{ \"fieldName\": \"reqActivateTime\", \"schemaXML\": \"\" }'),'schemaXML',replace(outputs('reqActivateTime'), '\\n', ''))"}},"Append_reqExpiryTime_to_array_variable":{"runAfter":{"reqExpiryTime":["Succeeded"]},"type":"AppendToArrayVariable","inputs":{"name":"arrFieldSchemaXML","value":"@setProperty(json('{ \"fieldName\": \"reqExpiryTime\", \"schemaXML\": \"\" }'),'schemaXML',replace(outputs('reqExpiryTime'), '\\n', ''))"}},"Append_reqJustification_to_array_variable":{"runAfter":{"reqJustification":["Succeeded"]},"type":"AppendToArrayVariable","inputs":{"name":"arrFieldSchemaXML","value":"@setProperty(json('{ \"fieldName\": \"reqJustification\", \"schemaXML\": \"\" }'),'schemaXML',replace(outputs('reqJustification'), '\\n', ''))"}},"Append_reqStatus_to_array_variable":{"runAfter":{"reqStatus":["Succeeded"]},"type":"AppendToArrayVariable","inputs":{"name":"arrFieldSchemaXML","value":"@setProperty(json('{ \"fieldName\": \"reqStatus\", \"schemaXML\": \"\" }'),'schemaXML',replace(outputs('reqStatus'), '\\n', ''))"}},"Append_reqSysStatus_to_array_variable":{"runAfter":{"reqSysStatus":["Succeeded"]},"type":"AppendToArrayVariable","inputs":{"name":"arrFieldSchemaXML","value":"@setProperty(json('{ \"fieldName\": \"reqSysStatus\", \"schemaXML\": \"\" }'),'schemaXML',replace(outputs('reqSysStatus'), '\\n', ''))"}},"Append_reqError_to_array_variable":{"runAfter":{"reqError":["Succeeded"]},"type":"AppendToArrayVariable","inputs":{"name":"arrFieldSchemaXML","value":"@setProperty(json('{ \"fieldName\": \"reqError\", \"schemaXML\": \"\" }'),'schemaXML',replace(outputs('reqError'), '\\n', ''))"}},"Append_reqExpireTimeMin_to_array_variable":{"runAfter":{"reqExpireTimeMin":["Succeeded"]},"type":"AppendToArrayVariable","inputs":{"name":"arrFieldSchemaXML","value":"@setProperty(json('{ \"fieldName\": \"reqExpireTimeMin\", \"schemaXML\": \"\" }'),'schemaXML',replace(outputs('reqExpireTimeMin'), '\\n', ''))"}},"Append_reqAbsoluteSiteUrl_to_array_variable":{"runAfter":{"reqAbsoluteSiteUrl":["Succeeded"]},"type":"AppendToArrayVariable","inputs":{"name":"arrFieldSchemaXML","value":"@setProperty(json('{ \"fieldName\": \"reqAbsoluteSiteUrl\", \"schemaXML\": \"\" }'),'schemaXML',replace(outputs('reqAbsoluteSiteUrl'), '\\n', ''))"}},"reqApprovers":{"runAfter":{"Append_reqAbsoluteSiteUrl_to_array_variable":["Succeeded"]},"type":"Compose","inputs":"<Field \n\tType=\"UserMulti\" \n\tDisplayName=\"Site Admin Approvers\" \n\tList=\"UserInfo\" \n\tRequired=\"FALSE\" \n\tEnforceUniqueValues=\"FALSE\" \n\tShowField=\"ImnName\" \n\tUserSelectionMode=\"PeopleOnly\" \n\tUserSelectionScope=\"0\" \n\tMult=\"TRUE\" \n\tSortable=\"FALSE\" \n\tGroup=\"JIT Site Request Columns\" \n\tStaticName=\"reqApprovers\" \n\tName=\"reqApprovers\" \n</Field>"},"Append_reqApprovers_to_array_variable":{"runAfter":{"reqApprovers":["Succeeded"]},"type":"AppendToArrayVariable","inputs":{"name":"arrFieldSchemaXML","value":"@setProperty(json('{ \"fieldName\": \"reqApprovers\", \"schemaXML\": \"\" }'), 'schemaXML', replace(outputs('reqApprovers'), '\\n', ''))"}},"reqApprovalTime":{"runAfter":{"Append_reqApprovers_to_array_variable":["Succeeded"]},"type":"Compose","inputs":"<Field \n\tType=\"DateTime\" \n\tDisplayName=\"Site Admin Approval Time\" \n\tRequired=\"FALSE\" \n\tEnforceUniqueValues=\"FALSE\" \n\tIndexed=\"FALSE\" \n\tFormat=\"DateTime\" \n\tGroup=\"JIT Site Request Columns\" \n\tStaticName=\"reqApprovalTime\" \n\tName=\"reqApprovalTime\" \n</Field>\n"},"Append_reqApprovalTime_to_array_variable":{"runAfter":{"reqApprovalTime":["Succeeded"]},"type":"AppendToArrayVariable","inputs":{"name":"arrFieldSchemaXML","value":"@setProperty(json('{ \"fieldName\": \"reqApprovalTime\", \"schemaXML\": \"\" }'), 'schemaXML', replace(outputs('reqApprovalTime'), '\\n', ''))"}},"reqApprovalComments":{"runAfter":{"Append_reqApprovalTime_to_array_variable":["Succeeded"]},"type":"Compose","inputs":"<Field \n\tType=\"Note\" \n\tDisplayName=\"Site Admin Approval Comments\" \n\tRequired=\"FALSE\" \n\tEnforceUniqueValues=\"FALSE\" \n\tIndexed=\"FALSE\" \n\tNumLines=\"6\" \n\tRichText=\"FALSE\" \n\tSortable=\"FALSE\" \n\tGroup=\"JIT Site Request Columns\" \n\tStaticName=\"reqApprovalComments\" \n\tName=\"reqApprovalComments\" \n</Field>\n"},"Append_reqApprovalComments_to_array_variable":{"runAfter":{"reqApprovalComments":["Succeeded"]},"type":"AppendToArrayVariable","inputs":{"name":"arrFieldSchemaXML","value":"@setProperty(json('{ \"fieldName\": \"reqAbsoluteSiteUrl\", \"schemaXML\": \"\" }'), 'schemaXML', replace(outputs('reqAbsoluteSiteUrl'), '\\n', ''))"}}},"runAfter":{"Array_of_Field_Schema_XML":["Succeeded"]},"type":"Scope"},"Array_of_Field_Schema_XML":{"runAfter":{"SiteURLCompose":["Succeeded"]},"type":"InitializeVariable","inputs":{"variables":[{"name":"arrFieldSchemaXML","type":"array","value":[]}]}},"Apply_to_each":{"foreach":"@variables('arrFieldSchemaXML')","actions":{"Get_Site_Column_Information":{"runAfter":{},"type":"OpenApiConnection","inputs":{"host":{"apiId":"/providers/Microsoft.PowerApps/apis/shared_sharepointonline","connectionName":"shared_sharepointonline","operationId":"HttpRequest"},"parameters":{"dataset":"@outputs('SiteURLCompose')","parameters/method":"GET","parameters/uri":"_api/web/fields/GetByInternalNameOrTitle('@{items('Apply_to_each')['fieldName']}')","parameters/headers":{"content-type":"application/json;odata=verbose"}},"retryPolicy":{"type":"none"},"authentication":{"value":"@json(decodeBase64(triggerOutputs().headers['X-MS-APIM-Tokens']))['$ConnectionKey']","type":"Raw"}},"description":"First check the presence of the site column"},"The_field_is_present,_now_delete_it":{"runAfter":{"Get_Site_Column_Information":["Succeeded"]},"type":"Compose","inputs":"@item()?['fieldName']"},"Create_this_field":{"runAfter":{"Get_Site_Column_Information":["Failed"]},"type":"Compose","inputs":"@items('Apply_to_each')?['fieldName']"},"Send_an_HTTP_request_to_SharePoint":{"runAfter":{"Create_this_field":["Succeeded"]},"type":"OpenApiConnection","inputs":{"host":{"apiId":"/providers/Microsoft.PowerApps/apis/shared_sharepointonline","connectionName":"shared_sharepointonline","operationId":"HttpRequest"},"parameters":{"dataset":"@outputs('SiteURLCompose')","parameters/method":"POST","parameters/uri":"_api/web/fields/createfieldasxml","parameters/headers":{"accept":"application/json;odata=verbose","content-type":"application/json;odata=verbose"},"parameters/body":"{\n  \"parameters\": {\n    \"__metadata\": { \"type\": \"SP.XmlSchemaFieldCreationInformation\" },\n    \"SchemaXml\": '@{items('Apply_to_each')?['schemaXML']}'\n  }\n}\n"},"retryPolicy":{"type":"none"},"authentication":{"value":"@json(decodeBase64(triggerOutputs().headers['X-MS-APIM-Tokens']))['$ConnectionKey']","type":"Raw"}}},"Send_an_HTTP_request_to_SharePoint_DELETE_field":{"runAfter":{"The_field_is_present,_now_delete_it":["Succeeded"]},"type":"OpenApiConnection","inputs":{"host":{"apiId":"/providers/Microsoft.PowerApps/apis/shared_sharepointonline","connectionName":"shared_sharepointonline","operationId":"HttpRequest"},"parameters":{"dataset":"@outputs('SiteURLCompose')","parameters/method":"POST","parameters/uri":"_api/web/fields/GetByInternalNameOrTitle('@{items('Apply_to_each')['fieldName']}')","parameters/headers":{"accept":"application/json;odata=verbose","content-type":"application/json;odata=verbose","IF-MATCH":"*","X-HTTP-METHOD":"DELETE"}},"retryPolicy":{"type":"none"},"authentication":{"value":"@json(decodeBase64(triggerOutputs().headers['X-MS-APIM-Tokens']))['$ConnectionKey']","type":"Raw"}}}},"runAfter":{"Field_XML_Scope":["Succeeded"]},"type":"Foreach"},"SiteURLCompose":{"runAfter":{},"type":"Compose","inputs":"https://gov963094.sharepoint.com/sites/OccupancyTracker/"},"Terminate":{"runAfter":{"Apply_to_each":["Succeeded","Failed"]},"type":"Terminate","inputs":{"runStatus":"Succeeded"}}}},"connectionReferences":{"shared_sharepointonline":{"connectionName":"e1aa34b3c7c142e8801053052611cd2c","source":"Invoker","id":"/providers/Microsoft.PowerApps/apis/shared_sharepointonline","tier":"NotSpecified"}},"flowFailureAlertSubscribed":false}}