{"name":"d0def5da-7f36-4343-9203-4b42251ad3f4","id":"/providers/Microsoft.Flow/flows/d0def5da-7f36-4343-9203-4b42251ad3f4","type":"Microsoft.Flow/flows","properties":{"apiId":"/providers/Microsoft.PowerApps/apis/shared_logicflows","displayName":"Site Admin Access - Approval","definition":{"metadata":{"workflowEntityId":null,"processAdvisorMetadata":null,"flowclientsuspensionreason":"None","flowclientsuspensiontime":null,"creator":{"id":"9a560740-d9c1-40b0-b9b2-fa5f1eace8d4","type":"User","tenantId":"9b98e901-6cc8-4680-820b-35ec2284fc94"},"provisioningMethod":"FromDefinition","failureAlertSubscription":true,"clientLastModifiedTime":"2021-07-14T20:55:13.0218224Z"},"$schema":"https://schema.management.azure.com/providers/Microsoft.Logic/schemas/2016-06-01/workflowdefinition.json#","contentVersion":"1.0.0.0","parameters":{"$connections":{"defaultValue":{},"type":"Object"},"$authentication":{"defaultValue":{},"type":"SecureObject"},"sharepoint.site":{"defaultValue":"","type":"String"},"sharepoint.list":{"defaultValue":"","type":"String"}},"triggers":{"When_an_existing_item_is_modified":{"recurrence":{"frequency":"Minute","interval":1},"splitOn":"@triggerBody()?.value","metadata":{"flowSystemMetadata":{"swaggerOperationId":"GetOnUpdatedItems"}},"type":"ApiConnection","inputs":{"host":{"connection":{"name":"@parameters('$connections')['shared_sharepointonline']['connectionId']"},"api":{"runtimeUrl":"https://unitedstates-002.azure-apim.net/apim/sharepointonline"}},"method":"get","path":"/datasets/@{encodeURIComponent(encodeURIComponent('https://m365x088487.sharepoint.com/sites/SiteAdminAccess'))}/tables/@{encodeURIComponent(encodeURIComponent('3714d8a6-2a3b-44a9-9ae9-583f379a1a63'))}/onupdateditems","authentication":"@parameters('$authentication')"},"conditions":[{"expression":"@not(empty(triggerBody()?['reqApprovers']))"},{"expression":"@equals(triggerBody()?['reqSysStatus']?['value'],'TRIGGER-ADMIN-UPDATED')"}]}},"actions":{"Select_Approvers_Email":{"runAfter":{},"type":"Select","inputs":{"from":"@triggerBody()?['reqApprovers']","select":"@item()?['Email']"}},"Join_Approvers_Email":{"runAfter":{"Select_Approvers_Email":["Succeeded"]},"type":"Join","inputs":{"from":"@body('Select_Approvers_Email')","joinWith":";"}},"Create_Site_Admin_Approval":{"runAfter":{"Join_Approvers_Email":["Succeeded"]},"metadata":{"flowSystemMetadata":{"swaggerOperationId":"CreateAnApproval"}},"type":"ApiConnection","inputs":{"host":{"connection":{"name":"@parameters('$connections')['shared_approvals']['connectionId']"},"api":{"runtimeUrl":"https://unitedstates-002.azure-apim.net/apim/approvals"}},"method":"post","body":{"title":"Site Admin Request - @{triggerBody()?['Title']}","assignedTo":"@{body('Join_Approvers_Email')};","details":"A new Site Admin Request has been submitted for:  @{triggerBody()?['Title']}\n\nRequestor:  @{triggerBody()?['Author']?['DisplayName']}\nTime:  @{triggerBody()?['Created']}\nJustification:  @{triggerBody()?['reqJustification']}","itemLink":"@triggerBody()?['{Link}']","itemLinkDescription":"@triggerBody()?['Title']","requestor":"@{triggerBody()?['Author']?['Email']};","enableNotifications":false,"enableReassignment":false},"path":"/types/@{encodeURIComponent('Basic')}","authentication":"@parameters('$authentication')"}},"Wait_for_Site_Admin_Approval":{"runAfter":{"Send_Site_Admin_Approval_Request":["Succeeded"]},"metadata":{"flowSystemMetadata":{"swaggerOperationId":"WaitForAnApproval"}},"type":"ApiConnectionWebhook","inputs":{"host":{"connection":{"name":"@parameters('$connections')['shared_approvals']['connectionId']"},"api":{"runtimeUrl":"https://unitedstates-002.azure-apim.net/apim/approvals"}},"body":{"notificationUrl":"@{listCallbackUrl()}"},"path":"/approvals/@{encodeURIComponent(body('Create_Site_Admin_Approval')?['name'])}/subscriptions","authentication":"@parameters('$authentication')"}},"Condition":{"actions":{"Update_item_-_Site_Admin_Request_Approved":{"runAfter":{},"metadata":{"flowSystemMetadata":{"swaggerOperationId":"PatchItem"}},"type":"ApiConnection","inputs":{"host":{"connection":{"name":"@parameters('$connections')['shared_sharepointonline']['connectionId']"},"api":{"runtimeUrl":"https://unitedstates-002.azure-apim.net/apim/sharepointonline"}},"method":"patch","body":{"Title":"@triggerBody()?['Title']","reqStatus":{"Value":"Approved"},"reqSysStatus":{"Value":"TRIGGER-ADMIN-APPROVED"},"reqApprovalTime":"@{outputs('Response_Date')}","reqApprovalComments":"@{coalesce(outputs('Response_Comments'), 'No comment')}"},"path":"/datasets/@{encodeURIComponent(encodeURIComponent('https://m365x088487.sharepoint.com/sites/SiteAdminAccess'))}/tables/@{encodeURIComponent(encodeURIComponent('3714d8a6-2a3b-44a9-9ae9-583f379a1a63'))}/items/@{encodeURIComponent(triggerBody()?['ID'])}","authentication":"@parameters('$authentication')"}}},"runAfter":{"Response_Date":["Succeeded"]},"else":{"actions":{"Update_item_-_Site_Admin_Request_Rejected":{"runAfter":{},"metadata":{"flowSystemMetadata":{"swaggerOperationId":"PatchItem"}},"type":"ApiConnection","inputs":{"host":{"connection":{"name":"@parameters('$connections')['shared_sharepointonline']['connectionId']"},"api":{"runtimeUrl":"https://unitedstates-002.azure-apim.net/apim/sharepointonline"}},"method":"patch","body":{"Title":"@triggerBody()?['Title']","reqStatus":{"Value":"Rejected"},"reqSysStatus":{"Value":"TRIGGER-ADMIN-REJECTED"},"reqApprovalTime":"@{outputs('Response_Date')}","reqApprovalComments":"@{coalesce(outputs('Response_Comments'), 'No comment')}"},"path":"/datasets/@{encodeURIComponent(encodeURIComponent('https://m365x088487.sharepoint.com/sites/SiteAdminAccess'))}/tables/@{encodeURIComponent(encodeURIComponent('3714d8a6-2a3b-44a9-9ae9-583f379a1a63'))}/items/@{encodeURIComponent(triggerBody()?['ID'])}","authentication":"@parameters('$authentication')"}}}},"expression":{"equals":["@body('Wait_for_Site_Admin_Approval')?['outcome']","Approve"]},"type":"If"},"Send_Site_Admin_Approval_Request":{"runAfter":{"Create_Site_Admin_Approval":["Succeeded"]},"metadata":{"flowSystemMetadata":{"swaggerOperationId":"SendEmailV2"}},"type":"ApiConnection","inputs":{"host":{"connection":{"name":"@parameters('$connections')['shared_office365']['connectionId']"},"api":{"runtimeUrl":"https://unitedstates-002.azure-apim.net/apim/office365"}},"method":"post","body":{"To":"@body('Join_Approvers_Email')","Subject":"Site Admin Request - @{triggerBody()?['Title']}","Body":"<p>A new Site Admin Request has been submitted for: &nbsp;@{triggerBody()?['Title']}<br>\n<br>\nRequestor: &nbsp;@{triggerBody()?['Author']?['DisplayName']}<br>\nTime: &nbsp;@{triggerBody()?['Created']}<br>\nJustification: &nbsp;@{triggerBody()?['reqJustification']}<br>\n<br>\n<a href=\"@{body('Create_Site_Admin_Approval')?['respondLink']}&response='Approve'\">Approve</a> &nbsp;| <a href=\"@{body('Create_Site_Admin_Approval')?['respondLink']}&response='Reject'\">Reject</a> <br>\n<br>\nSincerely,<br>\n<br>\nSite Admin Access</p>","From":"SiteAdminAccess@M365x088487.onmicrosoft.com","ReplyTo":"SiteAdminAccess@M365x088487.onmicrosoft.com"},"path":"/v2/Mail","authentication":"@parameters('$authentication')"}},"Response_Date":{"runAfter":{"Response_Comments":["Succeeded"]},"type":"Compose","inputs":"@first(body('Wait_for_Site_Admin_Approval')?['responses'])?['responseDate']"},"Response_Comments":{"runAfter":{"Wait_for_Site_Admin_Approval":["Succeeded"]},"type":"Compose","inputs":"@first(body('Wait_for_Site_Admin_Approval')?['responses'])?['comments']"}},"description":"Approval runs after Site Collection Admins for the requested site are updated in the Site Admin Approvers column.\n\nSite Admin Approvers = NOT EMPTY\nSystem Status = TRIGGER-ADMIN-UPDATED"},"connectionReferences":{"shared_approvals":{"connectionName":"shared-approvals-7f020534-6b04-4eca-830c-7afc-a5e937e5","source":"Embedded","id":"/providers/Microsoft.PowerApps/apis/shared_approvals","tier":"NotSpecified"},"shared_sharepointonline":{"connectionName":"457c3fd51302434da997145530a4ae9f","source":"Embedded","id":"/providers/Microsoft.PowerApps/apis/shared_sharepointonline","tier":"NotSpecified"},"shared_office365":{"connectionName":"shared-office365-9743de4c-e9eb-4165-bd21-6bb7-4db673f5","source":"Embedded","id":"/providers/Microsoft.PowerApps/apis/shared_office365","tier":"NotSpecified"}},"flowFailureAlertSubscribed":false}}